대,중,소,세,세세_9차,KSIC코드_9차,세세,KSIC코드
신재생에너지 제조업,신재생에너지 발전 설비 제조업,태양에너지 발전 설비 제조업,태양에너지 모듈 제조업,전동기 및 발전기 제조업,28111,전동기 및 발전기 제조업,28111
신재생에너지 제조업,신재생에너지 발전 설비 제조업,태양에너지 발전 설비 제조업,태양에너지 모듈 제조업,제조업 회사본부,71511,제조업 회사본부,71511
신재생에너지 제조업,신재생에너지 발전 설비 제조업,태양에너지 발전 설비 제조업,태양에너지 셀 제조업,"다이오드, 트랜지스터 및 유사 반도체소자 제조업",26120,기타 반도체소자 제조업,26129
신재생에너지 제조업,신재생에너지 발전 설비 제조업,태양에너지 발전 설비 제조업,태양에너지 발전용 전력변환장치 제조업,기타 발전기 및 전기변환장치 제조,28119,기타 전기 변환장치 제조업,28119
신재생에너지 제조업,신재생에너지 발전 설비 제조업,태양에너지 발전 설비 제조업,태양에너지 발전용 전력변환장치 제조업,기타 발전기 및 전기변환장치 제조,28119,에너지 저장장치 제조업,28114
신재생에너지 제조업,신재생에너지 발전 설비 제조업,태양에너지 발전 설비 제조업,태양에너지 발전용 전력변환장치 제조업,추가,28119,변압기 제조업,28112
신재생에너지 제조업,신재생에너지 발전 설비 제조업,태양에너지 발전 설비 제조업,태양에너지 웨이퍼 제조업,기타 기초 무기 화학물 제조업,20129,기타 기초 무기 화학물 제조업,20129
신재생에너지 제조업,신재생에너지 발전 설비 제조업,태양에너지 발전 설비 제조업,태양에너지 웨이퍼 제조업,"다이오드, 트랜지스터 및 유사 반도체소자 제조업",26120,기타 반도체소자 제조업,26129
신재생에너지 제조업,신재생에너지 발전 설비 제조업,태양에너지 발전 설비 제조업,태양에너지 웨이퍼 제조업,추가,26120,석유화학계 기초화학물질 제조업,20111
신재생에너지 제조업,신재생에너지 발전 설비 제조업,태양에너지 발전 설비 제조업,태양에너지 잉곳 제조업,기타 기초 무기 화학물 제조업,20129,기타 기초 무기 화학물 제조업,20129
신재생에너지 제조업,신재생에너지 발전 설비 제조업,태양에너지 발전 설비 제조업,태양에너지 잉곳 제조업,추가,20129,석유화학계 기초화학물질 제조업,20111
신재생에너지 제조업,신재생에너지 발전 설비 제조업,태양에너지 발전 설비 제조업,태양에너지 폴리실리콘 제조업,기타 기초 무기 화학물 제조업,20129,기타 기초 무기 화학물 제조업,20129
신재생에너지 제조업,신재생에너지 발전 설비 제조업,태양에너지 발전 설비 제조업,태양에너지 폴리실리콘 제조업,합성수지 및 기타 플라스틱 물질 제조업,20302,합성수지 및 기타 플라스틱 물질 제조업,20202
신재생에너지 제조업,신재생에너지 발전 설비 제조업,태양에너지 발전 설비 제조업,태양에너지 폴리실리콘 제조업,제조업 회사본부,71511,제조업 회사본부,71511
신재생에너지 제조업,신재생에너지 발전 설비 제조업,태양에너지 발전 설비 제조업,태양에너지 폴리실리콘 제조업,추가,71511,석유화학계 기초화학물질 제조업,20111
신재생에너지 제조업,신재생에너지 발전 설비 제조업,태양에너지 발전 설비 제조업,집광채광기,기타 광학기기 제조업,27329,디스플레이 장치용 유리 제조업,23122
신재생에너지 제조업,신재생에너지 발전 설비 제조업,태양에너지 발전 설비 제조업,태양에너지 발전 설비 제조장비 제조업,평판디스플레이 제조용 기계 제조업,29272,평판디스플레이 제조용 기계 제조업,29272
신재생에너지 제조업,신재생에너지 발전 설비 제조업,태양에너지 발전 설비 제조업,태양에너지 발전 설비 제조장비 제조업,추가,29272,반도체 제조용 기계 제조업,29271
신재생에너지 제조업,신재생에너지 발전 설비 제조업,태양에너지 발전 설비 제조업,기타 태양에너지 발전 설비 관련 제조업,"플라스틱 필름, 시트 및 판 제조업",22212,"플라스틱 필름, 시트 및 판 제조업",22212
신재생에너지 제조업,신재생에너지 발전 설비 제조업,태양에너지 발전 설비 제조업,기타 태양에너지 발전 설비 관련 제조업,"플라스틱 적층, 도포 및 기타 표면처리 제품 제조업",22291,"플라스틱 적층, 도포 및 기타 표면처리 제품 제조업",22292
신재생에너지 제조업,신재생에너지 발전 설비 제조업,태양에너지 발전 설비 제조업,기타 태양에너지 발전 설비 관련 제조업,키타 판유리 가공품 제조업,23122,기타 판유리 가공품 제조업,23119
신재생에너지 제조업,신재생에너지 발전 설비 제조업,태양에너지 발전 설비 제조업,기타 태양에너지 발전 설비 관련 제조업,기타 1차 비철금속 제조업,24290,기타 1차 비철금속 제조업,24290
신재생에너지 제조업,신재생에너지 발전 설비 제조업,태양에너지 발전 설비 제조업,기타 태양에너지 발전 설비 관련 제조업,금속 조립구조재 제조업,25113,육상 금속 골조 구조재 제조업,25113
신재생에너지 제조업,신재생에너지 발전 설비 제조업,태양에너지 발전 설비 제조업,기타 태양에너지 발전 설비 관련 제조업,금속 조립구조재 제조업,25113,수상 금속 골조 구조재 제조업,25114
신재생에너지 제조업,신재생에너지 발전 설비 제조업,태양에너지 발전 설비 제조업,기타 태양에너지 발전 설비 관련 제조업,배전반 및 전기자동제어반 제조업,28122,배전반 및 전기자동제어반 제조업,28123
신재생에너지 제조업,신재생에너지 발전 설비 제조업,태양에너지 발전 설비 제조업,기타 태양에너지 발전 설비 관련 제조업,일반용 전기 조명장치 제조업,28422,일반용 전기 조명장치 제조업,28422
신재생에너지 제조업,신재생에너지 발전 설비 제조업,태양에너지 발전 설비 제조업,기타 태양에너지 발전 설비 관련 제조업,추가,28422,정형 내화 요업제품 제조업,23211
신재생에너지 제조업,신재생에너지 발전 설비 제조업,태양에너지 발전 설비 제조업,기타 태양에너지 발전 설비 관련 제조업,추가,28422,기타 구조용 금속제품 제조업,25119
신재생에너지 제조업,신재생에너지 발전 설비 제조업,태양에너지 발전 설비 제조업,기타 태양에너지 발전 설비 관련 제조업,추가,28422,그외 기타 전자부품 제조업,26299
신재생에너지 제조업,신재생에너지 발전 설비 제조업,태양에너지 발전 설비 제조업,기타 태양에너지 발전 설비 관련 제조업,추가,28422,마그네틱 및 광학 매체 제조업,26600
신재생에너지 제조업,신재생에너지 발전 설비 제조업,태양에너지 발전 설비 제조업,기타 태양에너지 발전 설비 관련 제조업,추가,28422,변압기 제조업,28112
신재생에너지 제조업,신재생에너지 발전 설비 제조업,태양에너지 발전 설비 제조업,기타 태양에너지 발전 설비 관련 제조업,추가,28422,철강선 제조업,24123
신재생에너지 제조업,신재생에너지 발전 설비 제조업,풍력 발전 설비 제조업,풍력 발전 시스템 제조업,전동기 및 발전기 제조업,28111,전동기 및 발전기 제조업,28111
신재생에너지 제조업,신재생에너지 발전 설비 제조업,풍력 발전 설비 제조업,풍력 발전 시스템 제조업,제조업 회사본부,71511,제조업 회사본부,71511
신재생에너지 제조업,신재생에너지 발전 설비 제조업,풍력 발전 설비 제조업,풍력 블레이드 제조업,기타 기관 및 터빈 제조업,29119,기타 기관 및 터빈 제조업,29119
신재생에너지 제조업,신재생에너지 발전 설비 제조업,풍력 발전 설비 제조업,풍력 발전용 발전기 제조업,전동기 및 발전기 제조업,28111,전동기 및 발전기 제조업,28111
신재생에너지 제조업,신재생에너지 발전 설비 제조업,풍력 발전 설비 제조업,풍력 발전용 전력변환장치 제조업,기타 발전기 및 전기변환장치 제조,28119,기타 전기 변환장치 제조업,28119
신재생에너지 제조업,신재생에너지 발전 설비 제조업,풍력 발전 설비 제조업,풍력 발전용 전력변환장치 제조업,기타 발전기 및 전기변환장치 제조,28119,에너지 저장장치 제조업,28114
신재생에너지 제조업,신재생에너지 발전 설비 제조업,풍력 발전 설비 제조업,풍력 발전용 전력변환장치 제조업,추가,28119,변압기 제조업,28112
신재생에너지 제조업,신재생에너지 발전 설비 제조업,풍력 발전 설비 제조업,풍력 타워 제조업,금속 조립구조재 제조업,25113,육상 금속 골조 구조재 제조업,25113
신재생에너지 제조업,신재생에너지 발전 설비 제조업,풍력 발전 설비 제조업,풍력 타워 제조업,금속 조립구조재 제조업,25113,수상 금속 골조 구조재 제조업,25114
신재생에너지 제조업,신재생에너지 발전 설비 제조업,풍력 발전 설비 제조업,풍력 타워 제조업,그외 기타 기계 및 장비 도매업,46599,그외 기타 기계 및 장비 도매업,46599
신재생에너지 제조업,신재생에너지 발전 설비 제조업,풍력 발전 설비 제조업,기타 풍력 발전 설비 관련 제조업,금속 조립구조재 제조업,25113,육상 금속 골조 구조재 제조업,25113
신재생에너지 제조업,신재생에너지 발전 설비 제조업,풍력 발전 설비 제조업,기타 풍력 발전 설비 관련 제조업,금속 조립구조재 제조업,25113,수상 금속 골조 구조재 제조업,25114
신재생에너지 제조업,신재생에너지 발전 설비 제조업,풍력 발전 설비 제조업,기타 풍력 발전 설비 관련 제조업,금속 단조제품 제조업,25912,금속 단조제품 제조업,25912
신재생에너지 제조업,신재생에너지 발전 설비 제조업,풍력 발전 설비 제조업,기타 풍력 발전 설비 관련 제조업,볼베어링 및 롤러베어링 제조업,29141,구름베어링 제조업,29141
신재생에너지 제조업,신재생에너지 발전 설비 제조업,풍력 발전 설비 제조업,기타 풍력 발전 설비 관련 제조업,그외 기타 전자부품 제조업,26299,그외 기타 전자부품 제조업,26299
신재생에너지 제조업,신재생에너지 발전 설비 제조업,풍력 발전 설비 제조업,기타 풍력 발전 설비 관련 제조업,그외 기타 전자부품 제조업,26299,전자감지장치 제조업,26295
신재생에너지 제조업,신재생에너지 발전 설비 제조업,풍력 발전 설비 제조업,기타 풍력 발전 설비 관련 제조업,"물질 검사, 측정 및 분석기구 제조업",27213,"물질 검사, 측정 및 분석기구 제조업",27213
신재생에너지 제조업,신재생에너지 발전 설비 제조업,풍력 발전 설비 제조업,기타 풍력 발전 설비 관련 제조업,속도계 및 전산계기 제조업,27214,속도계 및 전산계기 제조업,27214
신재생에너지 제조업,신재생에너지 발전 설비 제조업,풍력 발전 설비 제조업,기타 풍력 발전 설비 관련 제조업,추가,27214,철강선 제조업,24123
신재생에너지 제조업,신재생에너지 발전 설비 제조업,풍력 발전 설비 제조업,기타 풍력 발전 설비 관련 제조업,추가,27214,기어 및 동력전달장치 제조업,29142
신재생에너지 제조업,신재생에너지 발전 설비 제조업,풍력 발전 설비 제조업,기타 풍력 발전 설비 관련 제조업,추가,27214,정형 내화 요업제품 제조업,23211
신재생에너지 제조업,신재생에너지 발전 설비 제조업,풍력 발전 설비 제조업,기타 풍력 발전 설비 관련 제조업,추가,27214,기타 구조용 금속제품 제조업,25119
신재생에너지 제조업,신재생에너지 발전 설비 제조업,풍력 발전 설비 제조업,기타 풍력 발전 설비 관련 제조업,추가,27214,그외 기타 전자부품 제조업,26299
신재생에너지 제조업,신재생에너지 발전 설비 제조업,수력 및 해양에너지 발전 설비 제조업,수력 및 해양에너지 발전용 터빈 제조업,기타 기관 및 터빈 제조업,29119,기타 기관 및 터빈 제조업,29119
신재생에너지 제조업,신재생에너지 발전 설비 제조업,수력 및 해양에너지 발전 설비 제조업,수력 및 해양에너지 발전용 발전기 제조업,전동기 및 발전기 제조업,28111,전동기 및 발전기 제조업,28111
신재생에너지 제조업,신재생에너지 발전 설비 제조업,수력 및 해양에너지 발전 설비 제조업,기타 수력 및 해양에너지 발전 설비 관련 제조업,기타 기관 및 터빈 제조업,29119,기타 기관 및 터빈 제조업,29119
신재생에너지 제조업,신재생에너지 발전 설비 제조업,수력 및 해양에너지 발전 설비 제조업,기타 수력 및 해양에너지 발전 설비 관련 제조업,"탭, 밸브 및 유사장치 제조업",29133,"탭, 밸브 및 유사장치 제조업",29133
신재생에너지 제조업,신재생에너지 발전 설비 제조업,수력 및 해양에너지 발전 설비 제조업,기타 수력 및 해양에너지 발전 설비 관련 제조업,유압기기 제조업,29120,유압기기 제조업,29120
신재생에너지 제조업,신재생에너지 발전 설비 제조업,연료전지 발전 설비 제조업,연료전지 발전 시스템 제조업,그외 기타 전기장비 제조업,28909,그외 기타 전기장비 제조업,28909
신재생에너지 제조업,신재생에너지 발전 설비 제조업,연료전지 발전 설비 제조업,연료전지 셀 및 스택 제조업,일차전지 제조업,28201,일차전지 제조업,28201
신재생에너지 제조업,신재생에너지 발전 설비 제조업,연료전지 발전 설비 제조업,기타 연료전지 발전 설비 관련 제조업,"증류기, 열교환기 및 가스발생기 제조업",29176,"증류기, 열교환기 및 가스발생기 제조업",29176
신재생에너지 제조업,신재생에너지 발전 설비 제조업,연료전지 발전 설비 제조업,기타 연료전지 발전 설비 관련 제조업,기타 발전기 및 전기변환장치 제조,28119,기타 전기 변환장치 제조업,28119
신재생에너지 제조업,신재생에너지 발전 설비 제조업,연료전지 발전 설비 제조업,기타 연료전지 발전 설비 관련 제조업,기타 발전기 및 전기변환장치 제조,28119,에너지 저장장치 제조업,28114
신재생에너지 제조업,신재생에너지 발전 설비 제조업,석탄IGCC 발전 설비 제조업,석탄IGCC 가스화기 제조업,"증류기, 열교환기 및 가스발생기 제조업",29176,"증류기, 열교환기 및 가스발생기 제조업",29176
신재생에너지 제조업,신재생에너지 발전 설비 제조업,석탄IGCC 발전 설비 제조업,기타 석탄IGCC 발전 설비 관련 제조업,기체 여과기 제조업,29174,기체 여과기 제조업,29174
신재생에너지 제조업,신재생에너지 발전 설비 제조업,석탄IGCC 발전 설비 제조업,기타 석탄IGCC 발전 설비 관련 제조업,기타 기관 및 터빈 제조업,29119,기타 기관 및 터빈 제조업,29119
신재생에너지 제조업,"신재생에너지 증기, 냉온수 및 공기조절 생산설비 제조업",태양에너지 온수/급탕 설비 제조업,태양에너지 집열기 제조업,가정용 비전기식 조리 및 난방기구 제조업,28520,가정용 비전기식 조리 및 난방기구 제조업,28520
신재생에너지 제조업,"신재생에너지 증기, 냉온수 및 공기조절 생산설비 제조업",태양에너지 온수/급탕 설비 제조업,태양에너지 집열기 제조업,"산업용 오븐, 노 및 노용 버너 제조업",29150,"산업용 오븐, 노 및 노용 버너 제조업",29150
신재생에너지 제조업,"신재생에너지 증기, 냉온수 및 공기조절 생산설비 제조업",태양에너지 온수/급탕 설비 제조업,태양에너지 축열기 제조업,가정용 비전기식 조리 및 난방기구 제조업,28520,가정용 비전기식 조리 및 난방기구 제조업,28520
신재생에너지 제조업,"신재생에너지 증기, 냉온수 및 공기조절 생산설비 제조업",태양에너지 온수/급탕 설비 제조업,태양에너지 축열기 제조업,"산업용 오븐, 노 및 노용 버너 제조업",29150,"산업용 오븐, 노 및 노용 버너 제조업",29150
신재생에너지 제조업,"신재생에너지 증기, 냉온수 및 공기조절 생산설비 제조업",건물용 목재펠릿 보일러 제조업,건물용 목재펠릿 보일러 제조업,가정용 비전기식 조리 및 난방기구 제조업,28520,가정용 비전기식 조리 및 난방기구 제조업,28520
신재생에너지 제조업,"신재생에너지 증기, 냉온수 및 공기조절 생산설비 제조업",건물용 목재펠릿 보일러 제조업,건물용 목재펠릿 보일러 제조업,중앙난방보일러 및 방열기 제조업,25121,산업용 난방보일러 및 방열기 제조업,25121
신재생에너지 제조업,"신재생에너지 증기, 냉온수 및 공기조절 생산설비 제조업",지열 및 수열 히트펌프 설비 제조업,지열 및 수열 히트펌프 제조업,"산업용 오븐, 노 및 노용 버너 제조업",29150,산업용 냉장 및 냉동 장비 제조업,29171
신재생에너지 제조업,"신재생에너지 증기, 냉온수 및 공기조절 생산설비 제조업",지열 및 수열 히트펌프 설비 제조업,지열 및 수열 히트펌프 제조업,추가,29150,공기조화장치 제조업,29172
신재생에너지 제조업,"신재생에너지 증기, 냉온수 및 공기조절 생산설비 제조업",지열 및 수열 히트펌프 설비 제조업,지열 및 수열 축열기 제조업,"산업용 오븐, 노 및 노용 버너 제조업",29150,"산업용 오븐, 노 및 노용 버너 제조업",29150
신재생에너지 제조업,"신재생에너지 증기, 냉온수 및 공기조절 생산설비 제조업",지열 및 수열 히트펌프 설비 제조업,지열 및 수열 축열기 제조업,추가,29150,공기조화장치 제조업,29172
신재생에너지 제조업,신재생에너지 연료 제조업,수소 제조업,수소 제조업,산업용 가스 제조업,20121,산업용 가스 제조업,20121
신재생에너지 제조업,신재생에너지 연료 제조업,수소 제조업,수소 제조업,제조업 회사본부,71511,제조업 회사본부,71511
신재생에너지 제조업,신재생에너지 연료 제조업,바이오에너지 연료 제조업,바이오가스 제조업,가스 제조 및 배관공급업,35200,연료용 가스 제조 및 배관공급업,35200
신재생에너지 제조업,신재생에너지 연료 제조업,바이오에너지 연료 제조업,바이오가스 제조업,지정외 폐기물 처리업,38210,지정외 폐기물 처리업,38210
신재생에너지 제조업,신재생에너지 연료 제조업,바이오에너지 연료 제조업,바이오디젤 제조업,그외 기타 분류안된 화학제품 제조업,20499,바이오 연료 및 혼합물 제조업,20495
신재생에너지 제조업,신재생에너지 연료 제조업,바이오에너지 연료 제조업,바이오디젤 제조업,액체연료 및 관련제품 도매업,46712,액체연료 및 관련제품 도매업,46712
신재생에너지 제조업,신재생에너지 연료 제조업,바이오에너지 연료 제조업,바이오디젤 제조업,원유 정제처리업,19210,원유 정제처리업,19210
신재생에너지 제조업,신재생에너지 연료 제조업,바이오에너지 연료 제조업,바이오중유 제조업,그외 기타 분류안된 화학제품 제조업,20499,바이오 연료 및 혼합물 제조업,20495
신재생에너지 제조업,신재생에너지 연료 제조업,바이오에너지 연료 제조업,바이오중유 제조업,동물성 유지 제조업,10401,동물성 유지 제조업,10401
신재생에너지 제조업,신재생에너지 연료 제조업,바이오에너지 연료 제조업,바이오중유 제조업,식용 정제유 및 가공유 제조업,10403,식용 정제유 및 가공유 제조업,10403
신재생에너지 제조업,신재생에너지 연료 제조업,바이오에너지 연료 제조업,"Bio-SRF, 목재칩, 목재펠릿 및 목탄 제조업",표면 가공목재 및 특정 목적용 제재목 제조업,16102,표면 가공목재 및 특정 목적용 제재목 제조업,16102
신재생에너지 제조업,신재생에너지 연료 제조업,바이오에너지 연료 제조업,"Bio-SRF, 목재칩, 목재펠릿 및 목탄 제조업",강화 및 재생 목재 제조업,16212,강화 및 재생 목재 제조업,16212
신재생에너지 제조업,신재생에너지 연료 제조업,바이오에너지 연료 제조업,"Bio-SRF, 목재칩, 목재펠릿 및 목탄 제조업","라이터, 연소물 및 흡연용품 제조업",33993,"라이터, 연소물 및 흡연용품 제조업",33992
신재생에너지 제조업,신재생에너지 연료 제조업,바이오에너지 연료 제조업,"Bio-SRF, 목재칩, 목재펠릿 및 목탄 제조업",일반 제재업,16101,일반 제재업,16101
신재생에너지 제조업,신재생에너지 연료 제조업,바이오에너지 연료 제조업,"Bio-SRF, 목재칩, 목재펠릿 및 목탄 제조업",추가,16101,상품 종합 도매업,46800
신재생에너지 제조업,신재생에너지 연료 제조업,바이오에너지 연료 제조업,하수슬러지고형연료 제조업,하수 처리업,37011,하수 처리업,37011
신재생에너지 제조업,신재생에너지 연료 제조업,바이오에너지 연료 제조업,하수슬러지고형연료 제조업,지정 폐기물 처리업,38220,지정 폐기물 처리업,38220
신재생에너지 제조업,신재생에너지 연료 제조업,바이오에너지 연료 제조업,기타 바이오에너지 연료 제조업,주정 제조업,11121,주정 제조업,11121
신재생에너지 제조업,신재생에너지 연료 제조업,폐기물에너지 연료 제조업,고형연료제품(SRF) 제조업,비금속원료 재생업,38302,비금속류 해체 및 선별업,38321
신재생에너지 제조업,신재생에너지 연료 제조업,폐기물에너지 연료 제조업,고형연료제품(SRF) 제조업,비금속원료 재생업,38302,비금속류 원료 재생업,38322
신재생에너지 제조업,신재생에너지 연료 제조업,폐기물에너지 연료 제조업,고형연료제품(SRF) 제조업,건설폐기물 처리업,38230,건설폐기물 처리업,38230
신재생에너지 제조업,신재생에너지 연료 제조업,폐기물에너지 연료 제조업,기타 폐기물 연료 제조업,윤활유 및 그리스 제조업,19221,윤활유 및 그리스 제조업,19221
신재생에너지 제조업,신재생에너지 연료 제조업,폐기물에너지 연료 제조업,기타 폐기물 연료 제조업,기타 석유 정제물 재처리업,19229,기타 석유 정제물 재처리업,19229
신재생에너지 건설업,신재생에너지 발전 설비 건설업,태양에너지 발전 설비 건설업,태양에너지 발전 설비 건설업,산업플랜트 건설업,41225,산업 생산시설 종합 건설업,41225
신재생에너지 건설업,신재생에너지 발전 설비 건설업,태양에너지 발전 설비 건설업,태양에너지 발전 설비 건설업,일반 전기 공사업,42311,일반 전기 공사업,42311
신재생에너지 건설업,신재생에너지 발전 설비 건설업,태양에너지 발전 설비 건설업,태양에너지 발전 설비 건설업,내부 전기배선 공사업,42312,내부 전기배선 공사업,42312
신재생에너지 건설업,신재생에너지 발전 설비 건설업,태양에너지 발전 설비 건설업,태양에너지 발전 설비 건설업,전기용 기계장비 및 관련 기자재 도매업,46594,전기용 기계·장비 및 관련 기자재 도매업,46595
신재생에너지 건설업,신재생에너지 발전 설비 건설업,태양에너지 발전 설비 건설업,태양에너지 발전 설비 건설업,일반통신공사업,42321,일반통신공사업,42321
신재생에너지 건설업,신재생에너지 발전 설비 건설업,태양에너지 발전 설비 건설업,태양에너지 발전 설비 건설업,내부 통신배선 공사업,42322,내부 통신배선 공사업,42322
신재생에너지 건설업,신재생에너지 발전 설비 건설업,태양에너지 발전 설비 건설업,태양에너지 발전 설비 건설업,사무 및 상업용 건물 건설업,41121,사무 및 상업용 건물 건설업,41121
신재생에너지 건설업,신재생에너지 발전 설비 건설업,태양에너지 발전 설비 건설업,태양에너지 발전 설비 건설업,도로 건설업,41221,도로 건설업,41221
신재생에너지 건설업,신재생에너지 발전 설비 건설업,풍력 발전 설비 건설업,풍력 발전 설비 건설업,산업플랜트 건설업,41225,산업 생산시설 종합 건설업,41225
신재생에너지 건설업,신재생에너지 발전 설비 건설업,풍력 발전 설비 건설업,풍력 발전 설비 건설업,일반 전기 공사업,42311,일반 전기 공사업,42311
신재생에너지 건설업,신재생에너지 발전 설비 건설업,풍력 발전 설비 건설업,풍력 발전 설비 건설업,내부 전기배선 공사업,42312,내부 전기배선 공사업,42312
신재생에너지 건설업,신재생에너지 발전 설비 건설업,풍력 발전 설비 건설업,풍력 발전 설비 건설업,전기용 기계장비 및 관련 기자재 도매업,46594,전기용 기계·장비 및 관련 기자재 도매업,46595
신재생에너지 건설업,신재생에너지 발전 설비 건설업,수력 및 해양에너지 발전 설비 건설업,수력 및 해양에너지 발전 설비 건설업,산업플랜트 건설업,41225,산업 생산시설 종합 건설업,41225
신재생에너지 건설업,신재생에너지 발전 설비 건설업,수력 및 해양에너지 발전 설비 건설업,수력 및 해양에너지 발전 설비 건설업,일반 전기 공사업,42311,일반 전기 공사업,42311
신재생에너지 건설업,신재생에너지 발전 설비 건설업,수력 및 해양에너지 발전 설비 건설업,수력 및 해양에너지 발전 설비 건설업,내부 전기배선 공사업,42312,내부 전기배선 공사업,42312
신재생에너지 건설업,신재생에너지 발전 설비 건설업,바이오에너지 및 폐기물에너지 발전 설비 건설업,바이오에너지 및 폐기물에너지 발전 건설업,산업플랜트 건설업,41225,산업 생산시설 종합 건설업,41225
신재생에너지 건설업,신재생에너지 발전 설비 건설업,연료전지 발전 설비 건설업,연료전지 발전 설비 건설업,산업플랜트 건설업,41225,산업 생산시설 종합 건설업,41225
신재생에너지 건설업,신재생에너지 발전 설비 건설업,기타 신재생에너지 발전 설비 건설업,기타 신재생에너지 발전 설비 건설업,산업플랜트 건설업,41225,산업 생산시설 종합 건설업,41225
신재생에너지 건설업,"신재생에너지 증기, 냉온수 및 공기조절 설비 건설업",태양에너지 온수/급탕 설비 건설업,태양에너지 온수/급탕 설비 건설업,산업플랜트 건설업,41225,산업 생산시설 종합 건설업,41225
신재생에너지 건설업,"신재생에너지 증기, 냉온수 및 공기조절 설비 건설업",태양에너지 온수/급탕 설비 건설업,태양에너지 온수/급탕 설비 건설업,배관 및 냉ㆍ난방 공사업,42201,배관 및 냉ㆍ난방 공사업,42201
신재생에너지 건설업,"신재생에너지 증기, 냉온수 및 공기조절 설비 건설업",태양에너지 온수/급탕 설비 건설업,태양에너지 온수/급탕 설비 건설업,건물용 기계장비 설치 공사업,42202,건물용 기계장비 설치 공사업,42202
신재생에너지 건설업,"신재생에너지 증기, 냉온수 및 공기조절 설비 건설업",태양에너지 온수/급탕 설비 건설업,태양에너지 온수/급탕 설비 건설업,일반 전기 공사업,42311,일반 전기 공사업,42311
신재생에너지 건설업,"신재생에너지 증기, 냉온수 및 공기조절 설비 건설업",태양에너지 온수/급탕 설비 건설업,태양에너지 온수/급탕 설비 건설업,내부 전기배선 공사업,42312,내부 전기배선 공사업,42312
신재생에너지 건설업,"신재생에너지 증기, 냉온수 및 공기조절 설비 건설업",바이오에너지 및 폐기물에너지 보일러 건설업,바이오에너지 및 폐기물에너지 보일러 건설업,산업플랜트 건설업,41225,산업 생산시설 종합 건설업,41225
신재생에너지 건설업,"신재생에너지 증기, 냉온수 및 공기조절 설비 건설업",바이오에너지 및 폐기물에너지 보일러 건설업,바이오에너지 및 폐기물에너지 보일러 건설업,배관 및 냉ㆍ난방 공사업,42201,배관 및 냉ㆍ난방 공사업,42201
신재생에너지 건설업,"신재생에너지 증기, 냉온수 및 공기조절 설비 건설업",지열 및 수열 히트펌프 건설업,지열 및 수열 히트펌프 건설업,산업플랜트 건설업,41225,산업 생산시설 종합 건설업,41225
신재생에너지 건설업,"신재생에너지 증기, 냉온수 및 공기조절 설비 건설업",지열 및 수열 히트펌프 건설업,지열 및 수열 히트펌프 건설업,배관 및 냉ㆍ난방 공사업,42201,배관 및 냉ㆍ난방 공사업,42201
신재생에너지 건설업,"신재생에너지 증기, 냉온수 및 공기조절 설비 건설업",지열 및 수열 히트펌프 건설업,지열 및 수열 히트펌프 건설업,건물용 기계장비 설치 공사업,42202,건물용 기계장비 설치 공사업,42202
신재생에너지 건설업,"신재생에너지 증기, 냉온수 및 공기조절 설비 건설업",지열 및 수열 히트펌프 건설업,지열 및 수열 히트펌프 건설업,일반 전기 공사업,42311,삭제,NA
신재생에너지 건설업,"신재생에너지 증기, 냉온수 및 공기조절 설비 건설업",지열 및 수열 히트펌프 건설업,지열 및 수열 히트펌프 건설업,내부배선전기공사업,42312,삭제,NA
신재생에너지 건설업,"신재생에너지 증기, 냉온수 및 공기조절 설비 건설업",지열 및 수열 히트펌프 건설업,지열 및 수열 히트펌프 건설업,사무 및 상업용 건물 건설업,41121,삭제,NA
신재생에너지 건설업,"신재생에너지 증기, 냉온수 및 공기조절 설비 건설업",지열 및 수열 히트펌프 건설업,지열 및 수열 히트펌프 건설업,도로 건설업,41221,삭제,NA
신재생에너지 건설업,신재생에너지 연료 제조 설비 건설업,수소 제조 설비 건설업,수소 제조 설비 건설업,산업플랜트 건설업,41225,산업 생산시설 종합 건설업,41225
신재생에너지 건설업,신재생에너지 연료 제조 설비 건설업,바이오에너지 연료 제조 설비 건설업,바이오에너지 연료 제조 설비 건설업,산업플랜트 건설업,41225,산업 생산시설 종합 건설업,41225
신재생에너지 건설업,신재생에너지 연료 제조 설비 건설업,폐기물에너지 연료 제조 설비 건설업,폐기물에너지 연료 제조 설비 건설업,산업플랜트 건설업,41225,산업 생산시설 종합 건설업,41225
신재생에너지 공급업,신재생에너지 발전업,태양에너지 발전업,태양에너지 발전업,기타 발전업,35119,태양력 발전업,35114
신재생에너지 공급업,신재생에너지 발전업,태양에너지 발전업,태양에너지 발전업,화력발전업,35113,화력발전업,35113
신재생에너지 공급업,신재생에너지 발전업,태양에너지 발전업,태양에너지 발전업,"증기, 냉온수 및 공기조절 공급업",35300,"증기, 냉온수 및 공기조절 공급업",35300
신재생에너지 공급업,신재생에너지 발전업,태양에너지 발전업,태양에너지 발전업,원자력발전업,35111,원자력발전업,35111
신재생에너지 공급업,신재생에너지 발전업,태양에너지 발전업,태양에너지 발전업,일반 전기 공사업,42311,일반 전기 공사업,42311
신재생에너지 공급업,신재생에너지 발전업,풍력 발전업,풍력 발전업,기타 발전업,35119,기타 발전업,35119
신재생에너지 공급업,신재생에너지 발전업,풍력 발전업,풍력 발전업,화력발전업,35113,화력발전업,35113
신재생에너지 공급업,신재생에너지 발전업,풍력 발전업,풍력 발전업,"증기, 냉온수 및 공기조절 공급업",35300,"증기, 냉온수 및 공기조절 공급업",35300
신재생에너지 공급업,신재생에너지 발전업,풍력 발전업,풍력 발전업,일반 전기 공사업,42311,일반 전기 공사업,42311
신재생에너지 공급업,신재생에너지 발전업,수력 발전업,수력 발전업,수력 발전업,35112,수력 발전업,35112
신재생에너지 공급업,신재생에너지 발전업,수력 발전업,수력 발전업,생활용수 공급업,36010,생활용수 공급업,36010
신재생에너지 공급업,신재생에너지 발전업,연료전지 발전업,연료전지 발전업,기타 발전업,35119,기타 발전업,35119
신재생에너지 공급업,신재생에너지 발전업,연료전지 발전업,연료전지 발전업,화력발전업,35113,화력발전업,35113
신재생에너지 공급업,신재생에너지 발전업,연료전지 발전업,연료전지 발전업,"증기, 냉온수 및 공기조절 공급업",35300,"증기, 냉온수 및 공기조절 공급업",35300
신재생에너지 공급업,신재생에너지 발전업,연료전지 발전업,연료전지 발전업,일반 전기 공사업,42311,일반 전기 공사업,42311
신재생에너지 공급업,신재생에너지 발전업,바이오에너지 발전업,바이오에너지 발전업,기타 발전업,35119,기타 발전업,35119
신재생에너지 공급업,신재생에너지 발전업,바이오에너지 발전업,바이오에너지 발전업,화력발전업,35113,화력발전업,35113
신재생에너지 공급업,신재생에너지 발전업,바이오에너지 발전업,바이오에너지 발전업,"증기, 냉온수 및 공기조절 공급업",35300,"증기, 냉온수 및 공기조절 공급업",35300
신재생에너지 공급업,신재생에너지 발전업,바이오에너지 발전업,바이오에너지 발전업,일반 전기 공사업,42311,일반 전기 공사업,42311
신재생에너지 공급업,신재생에너지 발전업,폐기물에너지 발전업,폐기물에너지 발전업,기타 발전업,35119,기타 발전업,35119
신재생에너지 공급업,신재생에너지 발전업,폐기물에너지 발전업,폐기물에너지 발전업,화력발전업,35113,화력발전업,35113
신재생에너지 공급업,신재생에너지 발전업,폐기물에너지 발전업,폐기물에너지 발전업,"증기, 냉온수 및 공기조절 공급업",35300,"증기, 냉온수 및 공기조절 공급업",35300
신재생에너지 공급업,신재생에너지 발전업,폐기물에너지 발전업,폐기물에너지 발전업,일반 전기 공사업,42311,일반 전기 공사업,42311
신재생에너지 공급업,신재생에너지 발전업,해양에너지 발전업,해양에너지 발전업,기타 발전업,35119,기타 발전업,35119
신재생에너지 공급업,신재생에너지 발전업,해양에너지 발전업,해양에너지 발전업,생활용수 공급업,36010,생활용수 공급업,36010
신재생에너지 공급업,신재생에너지 발전업,기타 신재생에너지 발전업,기타 신재생에너지 발전업,기타 발전업,35119,기타 발전업,35119
신재생에너지 공급업,신재생에너지 발전업,기타 신재생에너지 발전업,기타 신재생에너지 발전업,화력발전업,35113,화력발전업,35113
신재생에너지 공급업,"신재생 증기, 냉온수 및 공기조절 공급업","신재생 증기, 냉온수 및 공기조절 공급업","신재생 증기, 냉온수 및 공기조절 공급업","증기, 냉온수 및 공기조절 공급업",35300,"증기, 냉온수 및 공기조절 공급업",35300
신재생에너지 공급업,"신재생 증기, 냉온수 및 공기조절 공급업","신재생 증기, 냉온수 및 공기조절 공급업","신재생 증기, 냉온수 및 공기조절 공급업",지정외 폐기물 처리업,38210,지정외 폐기물 처리업,38210
신재생에너지 공급업,"신재생 증기, 냉온수 및 공기조절 공급업","신재생 증기, 냉온수 및 공기조절 공급업","신재생 증기, 냉온수 및 공기조절 공급업",크라프트지 및 상자용 판지 제조업,17123,크라프트지 및 상자용 판지 제조업,17123
신재생에너지 서비스업,신재생에너지 단지개발 및 엔지니어링 서비스업,태양에너지 단지개발 및 엔지니어링 서비스업,태양에너지 단지개발 및 엔지니어링 서비스업,건물 및 토목엔지니어링 서비스업,72121,건물 및 토목엔지니어링 서비스업,72121
신재생에너지 서비스업,신재생에너지 단지개발 및 엔지니어링 서비스업,태양에너지 단지개발 및 엔지니어링 서비스업,태양에너지 단지개발 및 엔지니어링 서비스업,환경컨설팅 및 관련 엔지니어링 서비스업,72122,환경관련 엔지니어링 서비스업,72122
신재생에너지 서비스업,신재생에너지 단지개발 및 엔지니어링 서비스업,태양에너지 단지개발 및 엔지니어링 서비스업,태양에너지 단지개발 및 엔지니어링 서비스업,기타 엔지니어링 서비스업,72129,기타 엔지니어링 서비스업,72129
신재생에너지 서비스업,신재생에너지 단지개발 및 엔지니어링 서비스업,풍력 단지개발 및 엔지니어링 서비스업,풍력 단지개발 및 엔지니어링 서비스업,건물 및 토목엔지니어링 서비스업,72121,건물 및 토목엔지니어링 서비스업,72121
신재생에너지 서비스업,신재생에너지 단지개발 및 엔지니어링 서비스업,풍력 단지개발 및 엔지니어링 서비스업,풍력 단지개발 및 엔지니어링 서비스업,환경컨설팅 및 관련 엔지니어링 서비스업,72122,환경관련 엔지니어링 서비스업,72122
신재생에너지 서비스업,신재생에너지 단지개발 및 엔지니어링 서비스업,풍력 단지개발 및 엔지니어링 서비스업,풍력 단지개발 및 엔지니어링 서비스업,기타 엔지니어링 서비스업,72129,기타 엔지니어링 서비스업,72129
신재생에너지 서비스업,신재생에너지 단지개발 및 엔지니어링 서비스업,수력 및 해양에너지 단지개발 및 엔지니어링 서비스업,수력 및 해양에너지 단지개발 및 엔지니어링 서비스업,건물 및 토목엔지니어링 서비스업,72121,건물 및 토목엔지니어링 서비스업,72121
신재생에너지 서비스업,신재생에너지 단지개발 및 엔지니어링 서비스업,수력 및 해양에너지 단지개발 및 엔지니어링 서비스업,수력 및 해양에너지 단지개발 및 엔지니어링 서비스업,환경컨설팅 및 관련 엔지니어링 서비스업,72122,환경관련 엔지니어링 서비스업,72122
신재생에너지 서비스업,신재생에너지 단지개발 및 엔지니어링 서비스업,수력 및 해양에너지 단지개발 및 엔지니어링 서비스업,수력 및 해양에너지 단지개발 및 엔지니어링 서비스업,기타 엔지니어링 서비스업,72129,기타 엔지니어링 서비스업,72129
신재생에너지 서비스업,신재생에너지 단지개발 및 엔지니어링 서비스업,기타 신재생에너지 단지개발 및 엔지니어링 서비스업,기타 신재생에너지 단지개발 및 엔지니어링 서비스업,건물 및 토목엔지니어링 서비스업,72121,건물 및 토목엔지니어링 서비스업,72121
신재생에너지 서비스업,신재생에너지 단지개발 및 엔지니어링 서비스업,기타 신재생에너지 단지개발 및 엔지니어링 서비스업,기타 신재생에너지 단지개발 및 엔지니어링 서비스업,환경컨설팅 및 관련 엔지니어링 서비스업,72122,환경관련 엔지니어링 서비스업,72122
신재생에너지 서비스업,신재생에너지 단지개발 및 엔지니어링 서비스업,기타 신재생에너지 단지개발 및 엔지니어링 서비스업,기타 신재생에너지 단지개발 및 엔지니어링 서비스업,기타 엔지니어링 서비스업,72129,기타 엔지니어링 서비스업,72129
신재생에너지 서비스업,신재생에너지 과학기술 서비스업,신재생에너지 전문 연구개발업,신재생에너지 전문 연구개발업,기타 공학 연구개발업,70129,기타 공학 연구개발업,70129
신재생에너지 서비스업,신재생에너지 과학기술 서비스업,신재생에너지 전문 연구개발업,신재생에너지 전문 연구개발업,기타 자연과학 연구개발업,70119,자연과학 및 공학 융합 연구개발업,70130
신재생에너지 서비스업,신재생에너지 과학기술 서비스업,신재생에너지 전문 연구개발업,신재생에너지 전문 연구개발업,기타 자연과학 연구개발업,70119,기타 자연과학 연구개발업,70119
신재생에너지 서비스업,신재생에너지 과학기술 서비스업,신재생에너지 전문 연구개발업,신재생에너지 전문 연구개발업,"물리, 화학 및 생물학 연구개발업",70111,"물리, 화학 및 생물학 연구개발업",70111
신재생에너지 서비스업,신재생에너지 과학기술 서비스업,신재생에너지 전문 연구개발업,신재생에너지 전문 연구개발업,농학 연구개발업,70112,농림수산학 및 수의학 연구개발업,70112
신재생에너지 서비스업,신재생에너지 과학기술 서비스업,신재생에너지 전문 성능/품질평가 및 인증 서비스업,신재생에너지 전문 성능/품질평가 및 인증 서비스업,물질성분 검사 및 분석업,72911,물질성분 검사 및 분석업,72911
신재생에너지 서비스업,신재생에너지 과학기술 서비스업,신재생에너지 전문 성능/품질평가 및 인증 서비스업,신재생에너지 전문 성능/품질평가 및 인증 서비스업,"기타 기술 시험, 검사 및 분석업",72919,"기타 기술 시험, 검사 및 분석업",72919
신재생에너지 서비스업,신재생에너지 과학기술 서비스업,신재생에너지 전문 성능/품질평가 및 인증 서비스업,신재생에너지 전문 성능/품질평가 및 인증 서비스업,"그외 기타 분류안된 전문, 과학 및 기술 서비스업",73909,"그외 기타 분류안된 전문, 과학 및 기술 서비스업",73909
신재생에너지 서비스업,신재생에너지 유지보수 서비스업,신재생에너지 유지보수 서비스업,신재생에너지 유지보수 서비스업,전기 및 정밀기기 수리업,95123,전기·전자 및 정밀기기 수리업,34020
신재생에너지 서비스업,신재생에너지 유지보수 서비스업,신재생에너지 유지보수 서비스업,신재생에너지 유지보수 서비스업,기타 일반 기계 및 장비 수리업,95119,기타 일반 기계 및 장비 수리업,34019
신재생에너지 서비스업,신재생에너지 시스템 판매 및 임대업,신재생에너지 시스템 판매업,신재생에너지 시스템 판매업,배관 및 냉ㆍ난방장치 도매업,46621,배관 및 냉ㆍ난방장치 도매업,46621
신재생에너지 서비스업,신재생에너지 시스템 판매 및 임대업,신재생에너지 시스템 판매업,신재생에너지 시스템 판매업,전기용 기계장비 및 관련 기자재 도매업,46594,전기용 기계·장비 및 관련 기자재 도매업,46595
신재생에너지 서비스업,신재생에너지 시스템 판매 및 임대업,신재생에너지 시스템 판매업,신재생에너지 시스템 판매업,추가,46594,상품 종합 도매업,46800
신재생에너지 서비스업,신재생에너지 시스템 판매 및 임대업,신재생에너지 시스템 임대업,신재생에너지 시스템 임대업,그외 기타 개인 및 가정용품 임대업,69299,그외 기타 개인 및 가정용품 임대업,76299
신재생에너지 서비스업,신재생에너지 금융업,신재생에너지 금융업,신재생에너지 금융업,자산운용회사,64201,신탁업 및 집합투자업,64201
신재생에너지 서비스업,신재생에너지 전문 대학 및 대학원,신재생에너지 전문 대학 및 대학원,신재생에너지 전문 대학 및 대학원,대학원,85303,대학원,85303
신재생에너지 서비스업,신재생에너지 전문 대학 및 대학원,신재생에너지 전문 대학 및 대학원,신재생에너지 전문 대학 및 대학원,대학교,85302,대학교,85302
신재생에너지 서비스업,신재생에너지 관련 협회,신재생에너지 관련 협회,신재생에너지 관련 협회,산업 단체,94110,산업 단체,94110
